	chr	pos	ref	alt	rid	cs	pip
0	7	28154215	G	GT	7_28138193_28259233	L1	0.05483120144310771
1	7	28156606	G	C	7_28138193_28259233	L1	0.12200924302160232
2	7	28156887	T	C	7_28138193_28259233	L1	0.08700166396198827
3	7	28158058	T	C	7_28138193_28259233	L1	0.09653769688047686
4	7	28160113	G	C	7_28138193_28259233	L1	0.09232342654688419
5	7	28168745	G	GTCTT	7_28138193_28259233	L1	0.15027909310939958
6	7	28172014	T	C	7_28138193_28259233	L1	0.053745423937953674
7	7	28172066	C	T	7_28138193_28259233	L1	0.08096778046790332
8	7	28172183	G	A	7_28138193_28259233	L1	0.0529531411555354
9	7	28172586	C	T	7_28138193_28259233	L1	0.08276441604719964
10	7	28172739	G	T	7_28138193_28259233	L1	0.05520308039438071
11	7	28174986	C	T	7_28138193_28259233	L1	0.053135959513048725
12	7	28176305	A	G	7_28138193_28259233	L1	0.07492922351087783
13	7	28177301	T	C	7_28138193_28259233	L1	0.07538046088854322
